﻿<parameters>
  <parameter name="IIS Web Application Name" defaultValue="Default Web Site/TestScriptLink2_deploy" tags="IisApp">
    <parameterEntry kind="ProviderPath" scope="IisApp" match="^C:\\Users\\Luis\ Quicano\\Desktop\\scriptlink-new\\TestScriptLink2\\obj\\Release\\Package\\PackageTmp$" />
    <parameterEntry kind="ProviderPath" scope="setAcl" match="^C:\\Users\\Luis\ Quicano\\Desktop\\scriptlink-new\\TestScriptLink2\\obj\\Release\\Package\\PackageTmp$" />
  </parameter>
  <parameter name="AvatarDBPM-Web.config Connection String" description="AvatarDBPM Connection String used in web.config by the application to access the database." defaultValue="DRIVER={InterSystems ODBC};SERVER=192.1.5.216;PORT=1972;DATABASE=HMHCPMLIVE;UID=LIVE:ODBC;PWD=hotwire2011;" tags="SqlConnectionString">
    <parameterEntry kind="XmlFile" scope="C:\\Users\\Luis\ Quicano\\Desktop\\scriptlink-new\\TestScriptLink2\\obj\\Release\\Package\\PackageTmp\\Web\.config$" match="/configuration/connectionStrings/add[@name='AvatarDBPM']/@connectionString" />
  </parameter>
  <parameter name="AvatarDBCWS-Web.config Connection String" description="AvatarDBCWS Connection String used in web.config by the application to access the database." defaultValue="DRIVER={InterSystems ODBC};SERVER=192.1.5.216;PORT=1972;DATABASE=HMHCCWSLIVE;UID=LIVE:ODBC;PWD=hotwire2011;" tags="SqlConnectionString">
    <parameterEntry kind="XmlFile" scope="C:\\Users\\Luis\ Quicano\\Desktop\\scriptlink-new\\TestScriptLink2\\obj\\Release\\Package\\PackageTmp\\Web\.config$" match="/configuration/connectionStrings/add[@name='AvatarDBCWS']/@connectionString" />
  </parameter>
  <parameter name="AvatarSQLContext-Web.config Connection String" description="AvatarSQLContext Connection String used in web.config by the application to access the database." defaultValue="Data Source=IT-NB3282\SQLEXPRESS;User Id=luivis7;Password=tinchai;initial catalog=AvatarDb" tags="SqlConnectionString">
    <parameterEntry kind="XmlFile" scope="C:\\Users\\Luis\ Quicano\\Desktop\\scriptlink-new\\TestScriptLink2\\obj\\Release\\Package\\PackageTmp\\Web\.config$" match="/configuration/connectionStrings/add[@name='AvatarSQLContext']/@connectionString" />
  </parameter>
</parameters>